hole_id,from_m,to_m,lithology,alteration,mineralization,assay_element,assay_value,assay_unit,assay_data_class
DEMO-DDH-001,0,20,couverture,,,,,
DEMO-DDH-001,20,110,schiste,,,,,
DEMO-DDH-001,110,180,roche altérée,hydrothermale,,,,
DEMO-DDH-001,180,250,formation favorable,,indice Cu,,,
DEMO-DDH-001,250,310,zone minéralisée,,minéralisation Cu,,,
DEMO-DDH-001,310,350,roche encaissante,,,,,
DEMO-DDH-002,0,15,couverture,,,,,
DEMO-DDH-002,15,90,schiste,,,,,
DEMO-DDH-002,90,200,formation favorable,,,,,
DEMO-DDH-002,200,270,zone minéralisée,,minéralisation Cu,,,
DEMO-DDH-002,270,320,roche encaissante,,,,,
DEMO-DDH-003,0,25,couverture,,,,,
DEMO-DDH-003,25,160,schiste,,,,,
DEMO-DDH-003,160,220,roche altérée,,,,,
DEMO-DDH-003,220,280,roche encaissante,,,,,
